{"init_pred": {"__ndarray__": [[-0.012088090181350708], [-0.010313749313354492], [-0.008504226803779602], [-0.006660431623458862], [-0.004783153533935547], [-0.0028734952211380005], [-0.0009326785802841187], [0.0010379701852798462], [0.0030370354652404785], [0.0050629377365112305], [0.007113918662071228], [0.009188294410705566], [0.011283963918685913], [0.01339896023273468], [0.015531077980995178], [0.017678022384643555], [0.019837558269500732], [0.022006943821907043], [0.024183794856071472], [0.026365190744400024], [0.028548389673233032], [0.030730247497558594], [0.032907530665397644], [0.03507666289806366], [0.03723372519016266], [0.0393744558095932], [0.04149419069290161], [0.043587371706962585], [0.04564805328845978], [0.04766939580440521], [0.049643903970718384], [0.051562950015068054], [0.0534176379442215], [0.05519844591617584], [0.056895628571510315], [0.05850055813789368], [0.06000605225563049], [0.0614081472158432], [0.06270788609981537], [0.06391371786594391], [0.06504379212856293], [0.06612910330295563], [0.06721533834934235], [0.06836478412151337], [0.06965605914592743], [0.07118187844753265], [0.07304374873638153], [0.0753437727689743], [0.07817365229129791], [0.08160324394702911], [0.08566935360431671], [0.09036858379840851], [0.09565509855747223], [0.10144536197185516], [0.10762737691402435], [0.11407493054866791], [0.12066151201725006], [0.127272829413414], [0.13381527364253998], [0.14022009074687958], [0.14644278585910797], [0.1524599939584732], [0.1582648903131485], [0.16386108100414276], [0.1692587286233902], [0.17447002232074738], [0.1795070618391037], [0.18438030779361725], [0.1890973597764969], [0.1936638504266739], [0.1980828195810318], [0.20235575735569], [0.20648308098316193], [0.21046431362628937], [0.21429915726184845], [0.2179870456457138], [0.22152815759181976], [0.22492311894893646], [0.2281731814146042], [0.23128022253513336], [0.23424671590328217], [0.23707585036754608], [0.23977132141590118], [0.24233727157115936], [0.24477805197238922], [0.24709846079349518], [0.24930350482463837], [0.2513982057571411], [0.2533875107765198], [0.25527679920196533], [0.2570710778236389], [0.25877517461776733], [0.2603940963745117], [0.2619326710700989], [0.26339519023895264], [0.2647862434387207], [0.2661099433898926], [0.2673702836036682], [0.26857101917266846], [0.26971572637557983]], "dtype": "float32", "shape": [100, 1], "Corder": true}, "loss": [{"__ndarray__": 100.0, "dtype": "float64", "shape": []}, {"__ndarray__": 96.00040812162024, "dtype": "float64", "shape": []}, {"__ndarray__": 92.08244056728904, "dtype": "float64", "shape": []}, {"__ndarray__": 88.24609733700643, "dtype": "float64", "shape": []}, {"__ndarray__": 84.49137843077237, "dtype": "float64", "shape": []}, {"__ndarray__": 80.81828384858687, "dtype": "float64", "shape": []}, {"__ndarray__": 77.22681359044994, "dtype": "float64", "shape": []}, {"__ndarray__": 73.7169676563616, "dtype": "float64", "shape": []}, {"__ndarray__": 70.2887460463218, "dtype": "float64", "shape": []}, {"__ndarray__": 66.94214876033058, "dtype": "float64", "shape": []}, {"__ndarray__": 63.67717579838791, "dtype": "float64", "shape": []}, {"__ndarray__": 60.49382716049382, "dtype": "float64", "shape": []}, {"__ndarray__": 57.39210284664831, "dtype": "float64", "shape": []}, {"__ndarray__": 54.37200285685134, "dtype": "float64", "shape": []}, {"__ndarray__": 51.43352719110294, "dtype": "float64", "shape": []}, {"__ndarray__": 48.576675849403124, "dtype": "float64", "shape": []}, {"__ndarray__": 45.80144883175187, "dtype": "float64", "shape": []}, {"__ndarray__": 43.10784613814917, "dtype": "float64", "shape": []}, {"__ndarray__": 40.49586776859504, "dtype": "float64", "shape": []}, {"__ndarray__": 37.96551372308948, "dtype": "float64", "shape": []}, {"__ndarray__": 35.51678400163248, "dtype": "float64", "shape": []}, {"__ndarray__": 33.149678604224064, "dtype": "float64", "shape": []}, {"__ndarray__": 30.864197530864196, "dtype": "float64", "shape": []}, {"__ndarray__": 28.660340781552907, "dtype": "float64", "shape": []}, {"__ndarray__": 26.538108356290174, "dtype": "float64", "shape": []}, {"__ndarray__": 24.497500255076016, "dtype": "float64", "shape": []}, {"__ndarray__": 22.538516477910417, "dtype": "float64", "shape": []}, {"__ndarray__": 20.661157024793393, "dtype": "float64", "shape": []}, {"__ndarray__": 18.865421895724925, "dtype": "float64", "shape": []}, {"__ndarray__": 17.151311090705033, "dtype": "float64", "shape": []}, {"__ndarray__": 15.5188246097337, "dtype": "float64", "shape": []}, {"__ndarray__": 13.96796245281094, "dtype": "float64", "shape": []}, {"__ndarray__": 12.498724619936741, "dtype": "float64", "shape": []}, {"__ndarray__": 11.111111111111109, "dtype": "float64", "shape": []}, {"__ndarray__": 9.80512192633405, "dtype": "float64", "shape": []}, {"__ndarray__": 8.58075706560555, "dtype": "float64", "shape": []}, {"__ndarray__": 7.438016528925621, "dtype": "float64", "shape": []}, {"__ndarray__": 6.376900316294255, "dtype": "float64", "shape": []}, {"__ndarray__": 5.39740842771146, "dtype": "float64", "shape": []}, {"__ndarray__": 4.499540863177226, "dtype": "float64", "shape": []}, {"__ndarray__": 3.68329762269156, "dtype": "float64", "shape": []}, {"__ndarray__": 2.9486787062544666, "dtype": "float64", "shape": []}, {"__ndarray__": 2.295684113865933, "dtype": "float64", "shape": []}, {"__ndarray__": 1.7243138455259668, "dtype": "float64", "shape": []}, {"__ndarray__": 1.234567901234567, "dtype": "float64", "shape": []}, {"__ndarray__": 0.8264462809917373, "dtype": "float64", "shape": []}, {"__ndarray__": 0.4999489847974704, "dtype": "float64", "shape": []}, {"__ndarray__": 0.2550760126517704, "dtype": "float64", "shape": []}, {"__ndarray__": 0.09182736455463712, "dtype": "float64", "shape": []}, {"__ndarray__": 0.010203040506070672, "dtype": "float64", "shape": []}, {"__ndarray__": 0.010203040506070672, "dtype": "float64", "shape": []}, {"__ndarray__": 0.09182736455463712, "dtype": "float64", "shape": []}, {"__ndarray__": 0.2550760126517704, "dtype": "float64", "shape": []}, {"__ndarray__": 0.4999489847974704, "dtype": "float64", "shape": []}, {"__ndarray__": 0.8264462809917341, "dtype": "float64", "shape": []}, {"__ndarray__": 1.234567901234567, "dtype": "float64", "shape": []}, {"__ndarray__": 1.7243138455259668, "dtype": "float64", "shape": []}, {"__ndarray__": 2.295684113865933, "dtype": "float64", "shape": []}, {"__ndarray__": 2.948678706254461, "dtype": "float64", "shape": []}, {"__ndarray__": 3.68329762269156, "dtype": "float64", "shape": []}, {"__ndarray__": 4.499540863177226, "dtype": "float64", "shape": []}, {"__ndarray__": 5.39740842771146, "dtype": "float64", "shape": []}, {"__ndarray__": 6.37690031629425, "dtype": "float64", "shape": []}, {"__ndarray__": 7.438016528925616, "dtype": "float64", "shape": []}, {"__ndarray__": 8.58075706560555, "dtype": "float64", "shape": []}, {"__ndarray__": 9.80512192633405, "dtype": "float64", "shape": []}, {"__ndarray__": 11.111111111111114, "dtype": "float64", "shape": []}, {"__ndarray__": 12.498724619936736, "dtype": "float64", "shape": []}, {"__ndarray__": 13.967962452810935, "dtype": "float64", "shape": []}, {"__ndarray__": 15.5188246097337, "dtype": "float64", "shape": []}, {"__ndarray__": 17.151311090705033, "dtype": "float64", "shape": []}, {"__ndarray__": 18.865421895724918, "dtype": "float64", "shape": []}, {"__ndarray__": 20.661157024793383, "dtype": "float64", "shape": []}, {"__ndarray__": 22.538516477910417, "dtype": "float64", "shape": []}, {"__ndarray__": 24.497500255076016, "dtype": "float64", "shape": []}, {"__ndarray__": 26.538108356290163, "dtype": "float64", "shape": []}, {"__ndarray__": 28.660340781552897, "dtype": "float64", "shape": []}, {"__ndarray__": 30.864197530864196, "dtype": "float64", "shape": []}, {"__ndarray__": 33.149678604224064, "dtype": "float64", "shape": []}, {"__ndarray__": 35.51678400163247, "dtype": "float64", "shape": []}, {"__ndarray__": 37.965513723089494,